,Unnamed: 0,업소명,업소 주소,naver_map_url
0,0,목우촌부추삼겹살,서울특별시 관악구 남현1길 68-10 (남현동),https://pcmap.place.naver.com/restaurant/21025096/review/visitor#
1,1,청진동해장국,서울특별시 관악구 관악로 105 (봉천동) 동산빌딩1층,
2,2,오백냥분식,서울특별시 송파구 가락로 112 (석촌동),
3,3,토방 닭 한마리,서울특별시 관악구 신림로22길 5 (신림동),
4,4,왕세숫대야냉면(행복을파는집),서울특별시 강서구 공항대로 423(등촌동),
5,5,돌마리유황오리,서울특별시 송파구 가락로 66 (석촌동),
6,6,벧엘 칼국수,서울특별시 송파구 마천로41길 22 (마천동),
7,7,보라매25시해장국,서울특별시 양천구 신월로17길 21 (신월동 우창아파트),
8,8,해피분식,서울특별시 구로구 중앙로1길 18-19 (고척동 우성현대아파트),
9,9,금강숯불생고기,서울특별시 광진구 용마산로7길 9 (중곡동),
10,10,흥부농장,서울특별시 광진구 뚝섬로59길 81-2 (자양동),
11,11,한우마당,서울특별시 중구 남대문로5길 7 (북창동),
12,12,김밥나라,서울특별시 광진구 용마산로 52 (중곡동),
13,13,다비다식당,서울특별시 광진구 동일로 444 (중곡동),
14,14,자매식당,서울특별시 광진구 구의로 16 (구의동),
15,15,궁원 중화요리,서울특별시 동대문구 사가정로 229 (장안동),
16,16,제주토방탕수육,서울특별시 송파구 성내천로 212 (마천동),
17,17,해주냉면,서울특별시 송파구 올림픽로12길 5-22 (잠실동),
18,18,우돈골,서울특별시 송파구 위례성대로20길 24 (오금동),
19,19,자매식당,서울특별시 동대문구 이문로28길 16 (이문동),
20,20,한연수짜장,서울특별시 송파구 송이로31길 4-11 (문정동),
21,21,김밥나라,서울특별시 강서구 양천로59길 46 (가양동),
22,22,남영해물탕,서울특별시 용산구 한강대로80길 12 (남영동),
23,23,장수설렁탕,서울특별시 송파구 백제고분로 148 (잠실동),
24,24,백미식당,서울특별시 강서구 공항대로59가길 25 (등촌동),
25,25,부부칼국수,서울특별시 강서구 강서로56가길 47 (등촌동) 101호 동진빌딩,
26,26,별미 바지락칼국수,서울특별시 강동구 풍성로 160 (성내동),
27,27,뚝배기,서울특별시 강동구 양재대로 1389 (성내동),
28,28,박리김밥,서울특별시 중랑구 공릉로2길 22 (묵동),
29,29,소소한날,서울특별시 영등포구 도림로 462 (문래동3가),
30,30,부남돌구이,서울특별시 종로구 대학로2길 65-5 (효제동),
31,31,대림각,서울특별시 노원구 섬밭로 263 (중계동),
32,32,산정,서울특별시 중구 동호로 288 (장충동2가),
33,33,깡통참숯돼지갈비,서울특별시 성북구 보문로30라길 17 (동선동2가),
34,34,동춘원,서울특별시 중랑구 봉우재로71길 41 (망우동),
35,35,봉주르,서울특별시 마포구 와우산로 155-1 (서교동),
36,36,투가리올림픽,서울특별시 송파구 백제고분로 465 (방이동),
37,37,일봉,서울특별시 종로구 종로 192-1 (종로4가),
38,38,다운이,서울특별시 노원구 한글비석로 444 (상계동) 교림노원프라자 지하1층,
39,39,다사랑분식,서울특별시 관악구 난우길 18 (신림동),
40,40,제주똥돼지촌,서울특별시 구로구 구로동로28길 98 (구로동),
41,41,원조막국수,서울특별시 강북구 노해로33길 49 (수유동),
42,42,세림가든,서울특별시 영등포구 경인로 874 (영등포동1가),
43,43,김밥천국,서울특별시 강서구 가로공원로76길 61 (화곡동),
44,44,참참치킨,서울특별시 서대문구 세검정로 49-1 (홍제동),
45,45,더구어,서울특별시 서초구 효령로31길 58 (방배동),
46,46,미미치킨,서울특별시 서초구 서초대로 108 (방배동),
47,47,감베로니,서울특별시 용산구 한강대로81길 5 (갈월동),
48,48,명가영양돌솥밥,서울특별시 구로구 구로동로18길 12 (구로동),
49,49,미성각,서울특별시 도봉구 노해로 389 (창동),
50,50,신왕짜장,서울특별시 관악구 난곡로 105 (신림동),
51,51,길손한정식,서울특별시 구로구 고척로40길 33-5 (고척동),
52,52,도봉산콩나물국밥,서울특별시 도봉구 도봉로181길 53 (도봉동),
53,53,제주흑돼지,서울특별시 영등포구 영중로4길 5 (영등포동3가),
54,54,학생회관분식,서울특별시 강동구 구천면로 404 (천호동) 11호,
55,55,대형갈비,서울특별시 구로구 구로동로 100 (구로동),
56,56,수제비손칼국수,서울특별시 관악구 인헌4길 3 (봉천동),
57,57,태능숯불갈비,서울특별시 동대문구 고산자로30길 17 (용두동),
58,58,라푸스코 마포점,서울특별시 마포구 만리재옛길 18 (신공덕동),
59,59,무진장,서울특별시 용산구 원효로 212 (원효로2가),
60,60,삼성회관,서울특별시 중구 청구로3길 16 (신당동),
61,61,수원성갈비,서울특별시 종로구 창신3길 9 (창신동),
62,62,청해루,서울특별시 송파구 거마로20길 17 (마천동),
63,63,백리향,서울특별시 성동구 상원6길 10-1 (성수동1가),
64,64,신가네김밥타운,서울특별시 서대문구 증가로25길 4 (북가좌동),
65,65,설가네부대찌개,서울특별시 구로구 경인로 318-9 (개봉동),
66,66,동해루,서울특별시 성동구 왕십리로19길 8-1 (행당동),
67,67,황궁,서울특별시 구로구 경인로47길 10 (고척동),
68,68,연안식당,서울특별시 서대문구 증가로 258 (북가좌동),
69,69,만나칼국수,서울특별시 관악구 봉천로7길 23 (봉천동) 지하,
70,70,호남식당,서울특별시 송파구 거마로22길 1 (마천동),
71,71,마들김밥,서울특별시 노원구 한글비석로 474 (상계동) 보람상가,
72,72,보리밥 솥뚜껑 삼겹살,서울특별시 구로구 개봉로15길 12 (개봉동),
73,73,초밥아저씨,서울특별시 관악구 신원로 23 (신림동) 관악종합시장 108 호,
74,74,가마솥설렁탕,서울특별시 구로구 고척로40길 33-4 (고척동),
75,75,털보고된이,서울특별시 은평구 통일로83길 9-1 (갈현동),
76,76,중앙한분식,서울특별시 구로구 구로동로 126-20 (구로동),
77,77,소백산영주한우,서울특별시 은평구 은평로 187-3 (녹번동),
78,78,해주냉면,서울특별시 서대문구 연세로12길 37-3 (창천동),
79,79,춘천식당,서울특별시 서대문구 수색로 42,
80,80,대풍손칼국수,서울특별시 성북구 보문로 129 (보문동2가),
81,81,시골마당,서울특별시 서초구 강남대로23길 30 (양재동),
82,82,왕세숫대야냉면,서울특별시 서대문구 수색로2길 7 (남가좌동),
83,83,소문난맛함흥냉면,서울특별시 무학봉16길 1 (하왕십리동),
84,84,연희골굼터,서울특별시 서대문구 홍제천로 156-6 (연희동),
85,85,와우돈까스,서울특별시 중랑구 공릉로12가길 6 1층 (묵동),
86,86,훼밀리김밥,서울특별시 송파구 성내천로21길 12 (마천동 신동아아파트),
87,87,시골짚,서울특별시 도봉구 도봉로152길 35 (도봉동),
88,88,일심해장국,서울특별시 송파구 양산로 12 (거여동),
89,89,삼성돈구이,서울특별시 강남구 봉은사로108길 3-6 (삼성동),
90,90,홍보성,서울특별시 송파구 문정로4길 24-20 (문정동),
91,91,약속다방,서울특별시 종로구 종로 302 (창신동),
92,92,콩아리(전주콩나물국밥),서울특별시 강북구 월계로 43-1 (미아동),
93,93,메밀이랑 면이랑,서울특별시 강서구 강서로 263-17 (내발산동),
94,94,대박집,서울특별시 양천구 등촌로 46 (목동),
95,95,함흥냉면(연백냉면),서울특별시 송파구 새말로12길 7 (문정동),
96,96,북경반점,서울특별시 양천구 지양로13길 2 (신월동),
97,97,밥도둑구이전문,서울특별시 양천구 목동중앙북로7가길 53 (목동),
98,98,강원도청국장,서울특별시 송파구 오금로19길 14 (방이동),
99,99,시골칼국수,서울특별시 강서구 방화대로7나길 45 (공항동),
100,100,금천골 오리명가,서울특별시 금천구 시흥대로78길 59 (독산동),
101,101,조은식당,서울특별시 양천구 목동동로 339 (목동 목동트윈빌),
102,102,겨울나그네,서울특별시 광진구 능동로 147 (화양동),
103,103,홍콩반점,서울특별시 양천구 곰달래로 9-1 (신월동),
104,104,선유일식,서울특별시 영등포구 영신로 17길3 (영등포본동),
105,105,소문장,서울특별시 양천구 목동중앙북로4길 20 (목동),
106,106,만미정 식당,서울특별시 강북구 솔매로43길 96 (미아동),
107,107,진사골왕갈비,서울특별시 서대문구 이화여대7길 24,
108,108,지리산,서울특별시 영등포구 여의나루로 67 (여의도동),
109,109,다리목,서울특별시 관악구 신림로58가길 7 (신림동),
110,110,우리식당,서울특별시 구로구 중앙로3길 50 지하 (고척동),
111,111,콩나물국밥,서울특별시 종로구 자하문로 3 (내자동),
112,112,방이맛집,서울특별시 송파구 오금로11길 63-9 (방이동),
113,113,오복냉면,서울특별시 강남구 선릉로76길 21 (대치동),
114,114,용짜장,서울특별시 성동구 아차산로7길 28 (성수동2가),
115,115,함흥식당,서울특별시 서초구 마방로10길 54-2 (양재동),
116,116,일심해장국,서울특별시 도봉구 방학로 204 (방학동),
117,117,여신김밥,서울특별시 강남구 선릉로90길 70 인텔빌딩 지상1층(대치동),
118,118,시골청국장,서울특별시 강남구 학동로 504 (삼성동) 서울빌딩 101호,
119,119,다복콩비지,서울특별시 강남구 개포로22길 31 (개포동),
120,120,코너집,서울특별시 중구 퇴계로 336 (광희동1가),
121,121,명가분식,서울특별시 구로구 오류로8길 85 (오류동),
122,122,미러칼국수,서울특별시 강남구 삼성로 212 지하층 32호(대치동 은마아파트),
123,123,신성김밥,서울특별시 송파구 백제고분로22길 28 (삼전동 칸스빌),
124,124,맛고을갈비찜,서울특별시 동대문구 경동시장로10길 57 (제기동),
125,125,연경궁,서울특별시 영등포구 국회대로30길 14 (당산동3가),
126,126,또순이네,서울특별시 종로구 사직로 130 (적선동) 적선현대빌딩 지하1층,
127,127,서울분식,서울특별시 송파구 가락로42길 13 (방이동),
128,128,고등어식당,서울특별시 강남구 강남대로84길 33 (역삼동),
129,129,보리수,서울특별시 강남구 삼성로82길 25 (대치동),
130,130,김밥짱,서울특별시 구로구 구로동로 125-1 (구로동),
131,131,명품삼겹살점문점,서울특별시 송파구 백제고분로32길 3 (삼전동),
132,132,순미식당,서울특별시 영등포구 대방천로 188 (신길동),
133,133,퓨전 한마당,서울특별시 종로구 대학로5길 5 (연건동),
134,134,향나무집,서울특별시 강남구 봉은사로111길 7 지상1층 (삼성동),
135,135,돈구워돈,서울특별시 송파구 오금로 532 (거여동),
136,136,자매분식,서울특별시 구로구 구로중앙로8길 41 (구로동),
137,137,우동.짜장,서울특별시 구로구 구로동로 126-16 (구로동),
138,138,지리산,서울특별시 강남구 학동로43길 7 지상1층 (논현동),
139,139,토종집,서울특별시 강북구 인수봉로19나길 32 (수유동 삼안빌라),
140,140,황금성,서울특별시 서대문구 홍연길 91 (연희동),
141,141,해성반점,서울특별시 구로구 고척로 123-2 (개봉동),
142,142,청숫골보리밥쌈밥,서울특별시 강남구 삼성로 706 지하1층(청담동),
143,143,찌개와,서울특별시 강남구 광평로 280 (수서동),
144,144,두꺼비,서울특별시 강남구 역삼로 421 (대치동),
145,145,대승식당,서울특별시 강서구 강서로74길 40 (가양동),
146,146,유성짬뽕,서울특별시 송파구 거마로22길 35 (마천동),
147,147,옛고향,서울특별시 서대문구 모래내로 350 (홍은동),
148,148,황소마을,서울특별시 용산구 이태원로26길 8 (이태원동),
149,149,보성각,서울특별시 성북구 정릉로9길 56 (정릉동),
150,150,한아름분식,서울특별시 광진구 군자로 159 (군자동),
151,151,청계산갈비살,서울특별시 강남구 학동로45길 7 지하1층 (논현동),
152,152,돈스우스,서울특별시 양천구 월정로 157 (신월동),
153,153,영화반점,서울특별시 서대문구 북아현로2길 5 (북아현동),
154,154,대치동영지,서울특별시 강남구 삼성로 212 지상1층(대치동 은마아파트),
155,155,풍년숯불갈비,서울특별시 용산구 새창로 130 (원효로2가),
156,156,송림정,서울특별시 관악구 은천로 36 (봉천동),
157,157,유창숯불갈비,서울특별시 관악구 은천로23길 14 (봉천동 유창빌),
158,158,공새미김밥,서울특별시 광진구 뚝섬로58길 19 (자양동),
159,159,털보식당,서울특별시 도봉구 도당로 148 (방학동),
160,160,솔잎식당,서울특별시 마포구 마포대로4길 46 (도화동),
161,161,신짜장,서울특별시 도봉구 도봉로145길 56 (방학동),
162,162,한우식당,서울특별시 구로구 경인로33길 61-3 (개봉동),
163,163,항아리 숯불갈비,서울특별시 강남구 언주로134길 11-1 (논현동),
164,164,중앙삼겹시대,서울특별시 관악구 중앙길 12 (봉천동),
165,165,김밥타운,서울특별시 도봉구 도당로15길 3 (방학동),
166,166,은혜김밥,서울특별시 은평구 역말로9길 41 (대조동),
167,167,알뜰정육식당,서울특별시 도봉구 도봉로169나길 71 (도봉동),
168,168,육판장,서울특별시 강남구 삼성로 155 지상1층 122호(대치동),
169,169,정릉갈비,서울특별시 성북구 정릉로38길 8 (정릉동),
170,170,포도나무,서울특별시 중랑구 용마산로 338 (면목동),
171,171,김밥만두집,서울특별시 구로구 오류로8나길 8 (오류동 미성아트빌라),
172,172,국수회관,서울특별시 관악구 신림로 277 (신림동) 우창빌딩,
173,173,영화속의 김밥이야기,서울특별시 광진구 자양로 173 (구의동),
174,174,산고을,서울특별시 영등포구 선유서로25길 5-1 (양평동2가),
175,175,마시차이나,서울특별시 노원구 동일로217길 58 (상계동),
176,176,돈애우,서울특별시 도봉구 도당로 81 (방학동),
177,177,청실식당,서울특별시 강남구 남부순환로 2917 (대치동),
178,178,완산정,서울특별시 구로구 개봉로23가길 37 (개봉동),
179,179,미락칼국수,서울특별시 도봉구 도봉로110아길 6 (창동),
180,180,마포숯불갈비,서울특별시 송파구 성내천로 223 (마천동),
181,181,바우골화로구이,서울특별시 강남구 강남대로92길 29 (역삼동),
182,182,왕관커피숍,서울특별시 종로구 종로 222 (종로5가),
183,183,진국설렁탕,서울특별시 영등포구 당산로46길 1 (당산동6가),
184,184,한일각,서울특별시 용산구 보광로 21-1 (보광동),
185,185,국일관,서울특별시 송파구 마천로 345-1 (마천동),
186,186,지우정,서울특별시 강북구 삼각산로 130 (수유동),
187,187,조아루,서울특별시 중구 퇴계로 114-2 (회현동3가),
188,188,한분식,서울특별시 서대문구 홍연2길 2 (연희동),
189,189,흑돈연가,서울특별시 용산구 한강대로76길 11-2 (남영동),
190,190,화성각,서울특별시 중랑구 면목로48길 37 (면목동),
191,191,청운숯불갈비,서울특별시 용산구 청파로 383-8 (서계동),
192,192,칭니,서울특별시 구로구 구로중앙로 198 (구로동),
193,193,횡성한우목장,서울특별시 용산구 효창원로48길 6 (용문동),
194,194,정원고기마을,서울특별시 영등포구 가마산로 455 (신길동) 2층,
195,195,모아분식,서울특별시 강동구 천호대로191길 6 (길동),
196,196,오케이식당,서울특별시 동대문구 장한로18길 36 (장안동),
197,197,소달구지,서울특별시 중구 퇴계로4길 28 (회현동1가),
198,198,송주불냉면,서울특별시 강서구 방화동로 49  (방화동) ,
199,199,예가원,서울특별시 영등포구 영신로32길 32 (영등포동4가),
200,200,다솜한식전문,서울특별시 영등포구 가마산로 338 (대림동),
201,201,개봉분식,서울특별시 구로구 고척로21나길 65 (개봉동),
202,202,다동분식,서울특별시 중구 남대문로9길 16 (다동),
203,203,장독묵은지,서울특별시 강남구 삼성로 38 (개포동),
204,204,해남식당,서울특별시 강남구 학동로101길 26 청담삼익상가 지하1층 4호(청담동),
205,205,산골녹차냉면,서울특별시 용산구 효창원로 147 (효창동),
206,206,본향,서울특별시 송파구 마천로26길 6 (오금동),
207,207,제주토종흑돼지,서울특별시 관악구 남현1길 68-14 (남현동),
208,208,모리모리,서울특별시 용산구 한강대로 281 (갈월동),
209,209,왕가네왕만두,서울특별시 강남구 역삼로 420 지상1층(대치동),
210,210,우리생고기,서울특별시 강남구 개포로82길 13-17 2층 2호(개포2동),
211,211,한성축산식당,서울특별시 마포구 연남로 33 (연남동),
212,212,미각,서울특별시 영등포구 가마산로90길 4 (신길동),
213,213,미진분식,서울특별시 구로구 구로중앙로8길 27 (구로동),
214,214,삼삼치킨,서울특별시 구로구 경인로47길 42 (고척동),
215,215,할매김밥,서울특별시 중랑구 동일로163길 17 (묵동),
216,216,영자씨우동김밥,서울특별시 중구 마른내로 15-1 (저동2가),
217,217,화로가,서울특별시 용산구 한강대로39길 5 (한강로2가),
218,218,우성숯불갈비,서울특별시 송파구 백제고분로17길 56 (잠실동),
219,219,김밥천국,서울특별시 구로구 구로동로 119-2 (구로동),
220,220,남영골,서울특별시 용산구 한강대로77길 8 (갈월동),
221,221,난짜장 넌짬뽕,서울특별시 도봉구 도봉로 153길 26 (도봉동),
222,222,할범탕수육,서울특별시 양천구 목동중앙북로 15 (목동),
223,223,광나루찌개,서울특별시 종로구 대학로5가길 1 (연건동),
224,224,홍두깨손칼국수,서울특별시 성북구 보문로40길 5 (동소문동5가),
225,225,분식나라,서울특별시 중랑구 동일로140길 25 (중화동),
226,226,해물칼국수,서울특별시 구로구 고척로 179 (고척동),
227,227,화승원,서울특별시 구로구 경인로35길 40 (개봉동),
228,228,닷컴분식,서울특별시 구로구 남부순환로97길 20-6 (개봉동),
229,229,소백산,서울특별시 송파구 백제고분로39길 28 (석촌동),
230,230,일억조분식,서울특별시 구로구 가마산로26길 11 (구로동),
231,231,금복식당,서울특별시 동대문구 안암로20길 16 (제기동),
232,232,먹고갈래지고갈래,서울특별시 종로구 수표로 117 (낙원동),
233,233,바보네집,서울특별시 강남구 논현로120길 14 (논현동),
234,234,서울중국집,서울특별시 송파구 백제고분로41길 43-15 (송파동),
235,235,왕짜장,서울특별시 구로구 경인로47길 49 (고척동),
236,236,청송숯불화로구이,서울특별시 강남구 언주로114길 17 (논현동),
237,237,중화요리일품,서울특별시 강남구 테헤란로 322 (역삼동),
238,238,삼삼뚝배기,서울특별시 종로구 동숭길 51 (동숭동),
239,239,한보식당,서울특별시 강남구 남부순환로 2921 남서울상가지하 11호(대치동),
240,240,미락,서울특별시 성북구 화랑로25길 13 (상월곡동),
241,241,양철집,서울특별시 강남구 언주로153길 16 (신사동) 1층,
242,242,진식당,서울특별시 노원구 노원로 564 (상계동 상계주공10단지아파트),
243,243,옛날짜장(중화각),서울특별시 구로구 고척로22길 58 (개봉동),
244,244,제일식당,서울특별시 강남구 남부순환로 2921 (대치동),
245,245,미성식당,서울특별시 서대문구 통일로40안길 13-5 (홍제동),
246,246,해피타임,서울특별시 강남구 삼성로71길 34 (대치동),
247,247,서울숯불갈비,서울특별시 성북구 정릉로29길 8 (정릉동),
248,248,만리향,서울특별시 관악구 은천로41길 20 (봉천동),
249,249,정하람남도팥칼국수,서울특별시 송파구 삼전로 90 (삼전동),
250,250,송백식당,서울특별시 영등포구 당산로38길 15 (당산동4가),
251,251,영동원삼겹살,서울특별시 강남구 강남대로 520 (논현동),
252,252,씨씨존치킨,서울특별시 성동구 무수막길 85 (금호동2가),
253,253,사천옥,서울특별시 강남구 선릉로86길 16 (대치동),
254,254,수미정,서울특별시 강남구 강남대로84길 33 대우디오빌플러스 지하1층 114호 (역삼동),
255,255,다정이모네,서울특별시 관악구 신원로 3 (신림동),
256,256,명동손칼국수,서울특별시 양천구 목동중앙북로6길 4 (목동),
257,257,마포숯불갈비,서울특별시 송파구 풍성로5길 6 (풍납동),
258,258,노숙자아구샤브샤브,서울특별시 강남구 개포로22길 13 (개포동),
259,259,박가네생고기전문점,서울특별시 강북구 덕릉로28길 63 (미아동),
260,260,두메산골,서울특별시 성북구 보문로36길 16 (삼선동4가),
261,261,놀부만두,서울특별시 동대문구 망우로16길 15 (휘경동),
262,262,백곰집,서울특별시 강북구 삼양로 663 1층(우이동),
263,263,짜우리아,서울특별시 영등포구 영신로 34 (영등포동),
264,264,수타손짜장,서울특별시 강남구 개포로 615 (개포동)  지하1층 110호,
265,265,소야지,서울특별시 광진구 능동로36길 24 (능동),
266,266,진부령황태해장국,서울특별시 용산구 대사관로24길 15 (한남동),
267,267,고기마을호수,서울특별시 금천구 벚꽃로 73 (독산동 금천현대아파트) 상가 2층,
268,268,미각,서울특별시 서초구 반포대로28길 8 (서초동),
269,269,콩각시,서울특별시 서대문구 연세로7안길 5 (창천동),
270,270,기덕이네생고기집,서울특별시 광진구 뚝섬로58길 26 (자양동),
271,271,어메칼국수,서울특별시 관악구 관악로154-6 2층,
272,272,커피알,서울특별시 강남구 테헤란로 322 (역삼동) 한신인터벨 지하 156호,
273,273,용갈비,서울특별시 구로동로 96-4 (구로동),
274,274,가득드림,서울특별시 강남구 영동대로 513 지하1층 M113호,
275,275,숙아채콩나물국밥역삼1호점,서울특별시 강남구 도곡로7길 25 지상1층 (역삼동),
276,276,옛날칼국수,서울특별시 강서구 강서로18길 8-14 (화곡동),
277,277,윤화돈까스기사식당,서울특별시 강남구 도곡로 221 (역삼동),
278,278,조은김밥,서울특별시 송파구 백제고분로17길 43 (잠실동),
279,279,서울초밥,서울특별시 영등포구 선유로 250 (양평동4가),
280,280,광양불고기,서울특별시 중랑구 망우로71길 31 (망우동),
281,281,안동장,서울특별시 동대문구 경동시장로10길 57 (제기동),
282,282,정가네 홍두깨 손칼국수,서울특별시 중랑구 망우로62길 61 (망우동),
283,283,유미식당,서울특별시 영등포구 시흥대로 611 (대림동),
284,284,새마을,서울특별시 마포구 동교로9길 51 (망원동),
285,285,원조정가네매운갈비찜,서울특별시 관악구 남부순환로216길 8 (봉천동),
286,286,세종하늘마루,서울특별시 광진구 군자로 153 (군자동),
287,287,동대문곱창전문,서울특별시 강남구 논현로8길 11 (개포동),
288,288,성원식당,서울특별시 광진구 천호대로 666 (구의동),
289,289,북경,서울특별시 광진구 화양동 3-30 (능동로 135),
290,290,전주콩나물국밥,서울특별시 금천구 시흥대로62길 7 (시흥동),
291,291,착한메밀,서울특별시 노원구 상계로 111 (상계동),
292,292,함흥냉면 명가,서울특별시 강서구 화곡로50길 22 (화곡동),
293,293,듬배골,서울특별시 금천구 독산로10길 38 (시흥동),
294,294,김밥분식,서울특별시 관악구 관악로24길 47-1 (봉천동),
295,295,삼미식당,서울특별시 영등포구 영등포로5길 14-2 (양평동2가),
296,296,허브족발,서울특별시 성북구 오패산로4길 41 (하월곡동),
297,297,누이야식당,서울특별시 강남구 논현로4길 14 (개포동),
298,298,꾸어구어,서울특별시 송파구 마천로 293 (마천동),
299,299,풍년갈비,서울특별시 서대문구 통일로 495 (홍은동),
300,300,한우정육점식당,서울특별시 강남구 일원로5길 24 (일원동),
301,301,돈까스리,서울특별시 강남구 테헤란로 322 지하층 124호 (역삼동),
302,302,효성마루(효성식당),서울특별시 마포구 마포대로7길 15 (공덕동),
303,303,황금돼지갈비,서울특별시 중랑구 면목로 404 (면목동),
304,304,트윈쿡,서울특별시 강남구 영동대로 513 지하1층 M112호,
305,305,전주비빔밥,서울특별시 강남구 봉은사로 524 (삼성동) 공항타워 지하1층 14호,
306,306,웰빙 콩나물,서울특별시 중랑구 망우로62길 33 (망우동),
307,307,착한깡통,서울특별시 송파구 마천로41길 33 (마천동),
308,308,옛날막고기집,서울특별시 용산구 한강대로 125-2 (한강로2가),
309,309,얼레리꼴레리,서울특별시 중랑구 양원역로 61 (망우동),
310,310,낭주골,서울특별시 영등포구 영등포로190 (영등포동),
311,311,서담,서울특별시 금천구 시흥대로52길 6 (시흥동),
312,312,이모네분식,서울특별시 강남구 도곡로21길 15 (역삼동 역삼동월드메르디앙아파트) 지상1층5호,
313,313,고시칼국수,서울특별시 관악구 신림로18가길 42 (신림동),
314,314,이삭홍두깨칼국수,서울특별시 광진구 동일로72길 51 (중곡동),
315,315,처갓집,서울특별시 강남구 양재대로 339 (개포동),
316,316,탐라도야지,서울특별시 서초구 서초대로50길 82 (서초동),
317,317,명가손칼국수,서울특별시 강동구 풍성로54길 44 (성내동),
318,318,장수촌,서울특별시 송파구 바람드리길 13 (풍납동),
319,319,고향김밥,서울특별시 중랑구 겸재로 226-3 (면목동) 1층,
320,320,바지락칼국수,서울특별시 강남구 개포로17길 3-10 (개포동),
321,321,숙아채 콩나물국밥(개포),서울특별시 강남구 개포로20길 17 (개포동),
322,322,강남김밥,서울특별시 강남구 도곡로 441 (대치동) 1층 4호,
323,323,한솔 민물장어,서울특별시 서대문구 증가로23나길 32 (북가좌동),
324,324,춘향고을,서울특별시 송파구 올림픽로32길 5 (방이동),
325,325,최진사댁두부마을,서울특별시 성북구 인촌로1길 89 (삼선동5가),
326,326,모퉁이식당,서울특별시 송파구 오금로59길 2 (거여동),
327,327,동남숯불생구이,서울특별시 금천구 독산로 247 (독산동),
328,328,아마자께,서울특별시 동대문구 천장산로7길 16 (이문동),
329,329,옛날맛짜장,서울특별시 송파구 가락로 113 (석촌동),
330,330,메운불닭,서울특별시 송파구 위례성대로18길 28 (방이동),
331,331,옥문,서울특별시 광진구 광나루로56길 63 (구의동),
332,332,신 쿡(cook),서울특별시 중랑천로10길 39,
333,333,고향집,서울특별시 마포구 포은로8길 28 (망원동),
334,334,토속칼국수,서울특별시 강동구 양재대로113길 8 (길동),
335,335,김자순수제돈까스,서울특별시 송파구 석촌호수로12길 16 (잠실동),
336,336,홍천화로숯불갈비,서울특별시 광진구 천호대로110길 27 (능동),
337,337,꾸워,서울특별시 은평구 은평로 34 (신사동),
338,338,명동분식,서울특별시 중랑구 면목로37길 13 (면목동),
339,339,밀밭 손 칼국수,서울특별시 성북구 보문로 156-3 (삼선동5가),
340,340,착한우동짜장,서울특별시 관악구 신림로 255 (신림동),
341,341,형제갈비,서울특별시 구로구 구로동로18길 20-6 (구로동),
342,342,대호식당,서울특별시 금천구 가산로3길 55 (독산동),
343,343,엄마손밥상,서울특별시 서대문구 응암로1길 9-1 (북가좌동),
344,344,성상등갈비,서울특별시 동작구 신대방길 108 (신대방동),
345,345,궁중순대보쌈,서울특별시 동작구 등용로14길 60 (노량진동),
346,346,명동찌개마을,서울특별시 서울 강동구 성안로3길 91,
347,347,내고향 나주곰탕,서울특별시 동작구 사당로 183 (사당동),
348,348,은혜식당,서울특별시 동작구 사당로9가길 55 (사당동 대창센시티아파트),
349,349,화풍정,서울특별시 동작구 상도로 102 (상도동),
350,350,우리 콩사랑,서울특별시 동작구 신대방2길 3 (신대방동),
351,351,나드리식당,서울특별시 강남구 선릉로6길 19 (개포동),
352,352,이고시다,서울특별시 동작구 여의대방로22길 98 (신대방동),
353,353,엉터리돼지갈비,서울특별시 서대문구 포방터길71,
354,354,다미돈까스,서울특별시 서대문구 증가로 260 (북가좌동),
355,355,조정현갈비탕,서울특별시 서대문구 명물길 43-3 (창천동),
356,356,도곡한우소머리국밥,서울특별시 강남구 도곡로 172 (도곡동) 지상 1층,
357,357,선우동가게,서울특별시 남부순환로359길 10 지하1층,
358,358,이삭칼국수,서울특별시 서대문구 증가로 101 (남가좌동),
359,359,착한생칼국수,서울특별시 관악구 관천로 49 (신림동),
360,360,불암골 맛있는 집,서울특별시 노원구 중계로16가길 17 (중계동),
361,361,싸리골,서울특별시 구로구 구로중앙로22길 7 (구로동),
362,362,향기가득한 인생감자탕,서울특별시 동작구 상도로 319 (상도1동),
363,363,부부식당,서울특별시 강남구 삼성로 343 지상1층 106호,
364,364,예향,서울특별시 강남구 역삼로7길 3 2층(역삼동),
365,365,만리장성,서울특별시 서대문구 홍은중앙로 106 (홍은동),
366,366,지리산 생고기,서울특별시 밤고개로 1길 10 지하2층,
367,367,더스푼,서울특별시 강남구 역삼로 517 (대치동),
368,368,테스트,서울특별시 테스트,
369,369,신의주찹쌀순대감자탕,서울특별시 강남구 테헤란로27길 22 (역삼동),
370,370,보글보글 지글지글,서울특별시 관악구 난우길 47 (신림동),
371,371,돈먹고돈내고,서울특별시 강남구 언주로114길 5,
372,372,알리파스타,서울특별시 강남구 논현로151길 29 1층 101호,
373,373,노다지,서울특별시 강남구 개포로30길 6 (개포동),
374,374,남원집,서울특별시 동작구 여의대방로24가길 8 (대방동),
375,375,남도전통순대명가,서울특별시 중구 마른내로 121-1 (오장동),
376,376,어가네,서울특별시 서대문구 모래내로 377-1 (홍제동),
377,377,생삼이네,서울특별시 서대문구 통일로37길 38 (홍제동),
378,378,대청김밥,서울특별시 개포로621 SH 지하1층,
379,379,예자네밥상,서울특별시 강남구 테헤란로114길 30 (대치동),
380,380,카페 베아띠,서울특별시 중구 삼일대로 300 (충무로2가),
381,381,곰닭,서울특별시 서대문구 홍은중앙로 116-1 (홍은동),
382,382,우리식당,서울특별시 강서구 강서로5나길 144-8,
383,383,다  담,서울특별시 금천구 디지털로9길 68 대륭포스트타워5차 B113호 (가산동),
384,384,요기루,서울특별시 강남구 남부순환로 2917 청실종합상가 지하1층 9호,
385,385,금천식당,서울특별시 금천구 시흥대로56길 22 (시흥동),
386,386,남도맛집,서울특별시 논현로114길 14,
387,387,오감만족,서울특별시 밤고개로24길 52,
388,388,멀티분식,서울특별시 테헤란로8길 13,
389,389,의정부 부대찌개,서울특별시 도봉구 덕릉로60길 57 (창동),
390,390,한잎,서울특별시 서대문구 세무서7길 6-2 (홍제동),
391,391,신가네참숯민물장어,서울특별시 금천구 시흥대로52길 18 (시흥동),
392,392,남원종가집추어탕,서울특별시 강남대로48길 8 ,
393,393,가로수길칼국수,서울특별시 강남구 압구정로2길 46 강남상가 1층 19호,
394,394,옛날짜장,서울특별시 영등포구 신풍로 18-1 (신길동),
395,395,돈필,서울특별시 광진구 동일로72길 38,
396,396,생생칼국수,서울특별시 광진구 군자로 104,
397,397,국민우동집,서울특별시 강남구 테헤란로4길 38 (역삼동),
398,398,얼큰순대국,서울특별시 금천구 범안로 1201 1층 (독산동),
399,399,속초맛집,서울특별시 동대문구 제기로 86 (청량리동),
400,400,미라클센터,서울특별시 송이로 17길  54-28,
401,401,미라클센터,서울특별시 송이로 17길  54-28,
402,402,미라클센터,서울특별시 송이로 17길  54-28,
403,403,어머니찌개,서울특별시 도봉구 도봉로152길 16(방학동),
404,404,즉석우동짜장,서울특별시 서울 관악구 남부순환로 1726 1층,
405,405,씨티스퀘어,서울특별시 서울 중구 서소문로 124,
406,406,아이리스 분식,서울특별시 동작구 상도로15길 98 (상도동),
407,407,태성순대국,서울특별시 노원구 화랑로43길 18 (월계동),
408,408,풍년갈비,서울특별시 마포구 동교로 264 (연남동),
409,409,용주골 생고기,서울특별시 동작구 동작대로17길 5 (사당동),
410,410,향원,서울특별시 노원구 석계로 27 (월계동),
411,411,우리가참순대,서울특별시 관악구 관악로 148 (봉천동),
412,412,은행나무갈매기,서울특별시 금천구 금하로 678 (시흥동),
413,413,맛구이촌,서울특별시 동작구 흑석로8길 5 (흑석동),
414,414,사당골,서울특별시 동작구 사당로10길 97 (사당동),
415,415,명동분식,서울특별시 도봉구 도당로13가길 6 (방학동),
416,416,비락,서울특별시 서대문구 연희로 243 (연희동),
417,417,가원,서울특별시 서대문구 통일로 422 (홍제동),
418,418,누이네,서울특별시 강남구 압구정로2길 46 (신사동 강남상가아파트) 1층 3호 40호,
419,419,밥리버거 앤 치킨호프,서울특별시 언주로 405,
420,420,대풍참숯갈비,서울특별시 논현로76길 8,
421,421,대가설렁탕,서울특별시 동작구 상도로 117 (상도동),
422,422,돈까스 참 잘하는 집,서울특별시 동작구 보라매로5길 43 (신대방동 보라매삼성쉐르빌),
423,423,밀가칼국수,서울특별시 강남구 영동대로106길 33 (삼성동) ,
424,424,만금성,서울특별시 강남구 언주로 117 상가동 지하1층 42호(도곡동 우성4차아파트),
425,425,궁중참순대,서울특별시 동작구 보라매로5길 15 (신대방동),
426,426,커피농부와정원,서울특별시 마포구 월드컵로42길 14 102호 (상암동),
427,427,삼거리식당,서울특별시 구로구 구로동로38길 15 (구로동),
428,428,진미 순대국 감자탕,서울특별시 동작구 사당로17나길 2 (사당동),
429,429,더케익부티크,서울특별시 서대문구 통일로39나길 28 (홍제동),
430,430,손칼국수&손만두,서울특별시 강남구 광평로56길 11 (수서동 수서6단지아파트),
431,431,투가리(서울밥집 낙성대역점),서울특별시 관악구 봉천로 595-1 (봉천동),
432,432,진차돌,서울특별시 종로구 종로35길 39 (효제동) 1층 102호,
433,433,능라도분식,서울특별시 광진구 천호대로110길 50 (능동),
434,434,플러스카페,서울특별시 종로구 삼봉로 43 (수송동) 종로구청 본관1층,
435,435,유정쌈밥,서울특별시 동작구 서달로13길 5-14 (흑석동),
436,436,복지로분식,서울특별시 중구 동호로11길 40 (신당동 상춘),
437,437,노들나루 밥상,서울특별시 동작구 만양로18길 19-3 (노량진동),
438,438,남원추어탕,서울특별시 동작구 동작대로15길 15 (사당동),
439,439,낙지랑 갈비랑,서울특별시 동작구 양녕로25길 2-4 (상도동),
440,440,단비분식,서울특별시 동작구 흑석로9길 13 (흑석동),
441,441,옥문,서울특별시 영등포구 버드나루로7길 12-1 (영등포동7가),
442,442,꼼이네,서울특별시 금천구 디지털로12길 21 (가산동),
443,443,커피디인,서울특별시 거북골로20길3,
444,444,차이나는만두,서울특별시 마포구 백범로 205 (신공덕동 마포펜트라우스),
445,445,다독이네 숯불갈비,서울특별시 동작구 노량진로 106-5 (노량진동),
446,446,현미식당,서울특별시 구로구 구로중앙로 17 (구로동),
447,447,보현식당,서울특별시 광진구 뚝섬로34길 9 (자양동 자양2차현대아파트),
448,448,사과나무,서울특별시 동작구 흑석로9길 7 (흑석동),
449,449,생오리 회전 숯불구이 왕갈비탕,서울특별시 동작구 사당로14가길 8 (사당동),
450,450,돌쇠와 석쇠,서울특별시 동작구 솔밭로 110 (사당동),
451,451,엄마손김밥,서울특별시 동작구 등용로14길 81 (노량진동),
452,452,스카이 피자,서울특별시 동작구 노량진로6길 86 (노량진동),
453,453,오늘김밥,서울특별시 보문로 157-1 1층,
454,454,역삼정,서울특별시 강남구 역삼로19길 31 (역삼동),
455,455,고향한식부페,서울특별시 강남구 논현로72길 20 지하1층(역삼동),
456,456,문가네식당,서울특별시 강서구 화곡로61길 64 (등촌동 녹십초훼미리타운),
457,457,육합춘짜장짬뽕전문,서울특별시 금천구 시흥대로26길 5 (시흥동),
458,458,면곡당,서울특별시 광진구 면목로17길 24 (중곡동),
459,459,동일루,서울특별시 마포구 포은로 75 (망원동),
460,460,엄마손김밥,서울특별시 강남구 언주로 314 ,
461,461,비바비보 앤 호프,서울특별시 강남구 논현로136길 5-3 지상1층 103호,
462,462,행복한밥상,서울특별시 강남구 테헤란로 310 지하1층 109호(역삼동) ,
463,463,시민식당,서울특별시 관악구 남부순환로 1869 (봉천동),
464,464,순대국밥,서울특별시 강남구 도곡로 516 지하1층 3호,
465,465,임가네민속집,서울특별시 강남구 논현로79길 7,
466,466,황가솥뚜껑삼겹살,서울특별시 강남구 논현로30길 36 지하1층(도곡동),
467,467,육천중국요리,서울특별시 강남구 역삼로 37길 11,
468,468,버거랩,서울특별시 서울 관악구 신림로12길 5,
469,469,서울밥집,서울특별시 관악구 관천로 36-1 (신림동),
470,470,맛찬,서울특별시 강남구 개포로 615 석탑프라자 지하1층 106호,
471,471,자연화로구이,서울특별시 금천구 시흥대로153길 42 (가산동),
472,472,365일기분좋은날잔치날,서울특별시 강남구 도곡로4길 19 ,
473,473,참맛 닭곰탕,서울특별시 마포구 망원로8길 36 (망원동),
474,474,떡마을카페,서울특별시 서대문구 통일로 189-1 (영천동),
475,475,대명꼬기,서울특별시 서대문구 명물길 27-15 (창천동),
476,476,소문난냉면,서울특별시 서대문구 거북골로 210 (북가좌동),
477,477,홍제동잔치집,서울특별시 서대문구 통일로 428-1 (홍제동),
478,478,원할매이모네닭한마리,서울특별시 강남구 도곡로4길 9 2층(도곡동),
479,479,강남제비,서울특별시 강남구 테헤란로25길 20 역삼현대벤처빌딩2층 207호(역삼동),
480,480,남원추어탕,서울특별시 도봉구 해등로 83 (창동),
481,481,홍은나루터,서울특별시 서대문구 연희로 261-10 (홍은동),
482,482,맛있는돈까스,서울특별시 강남구 개포로 638 지상1층(일원동),
483,483,보광식당,서울특별시 광진구 아차산로 341 (자양동),
484,484,다이천 마떡,서울특별시 노원구 석계로 106 (월계동),
485,485,종로한정식,서울특별시 광진구 아차산로40길 8 (자양동),
486,486,우리집 맛자랑,서울특별시 중구 퇴계로20길 26 (남산동2가),
487,487,광희식당,서울특별시 중구 장충단로 212-2 (광희동2가),
488,488,웰빙뚝배기,서울특별시 마포구 동교로12길 21 (서교동),
489,489,양구식당,서울특별시 강남구 논현로151길 26,
490,490,진미식당,서울특별시 금천구 가산로3길 25 (독산동),
491,491,돈우가,서울특별시 중구 남대문로 25-17 (북창동),
492,492,칼집삼겹살,서울특별시 서대문구 통일로39가길 12 (홍제동),
493,493,형제정육식당,서울특별시 중구 다산로40길 56 (신당동),
494,494,석화촌,서울특별시 강남구 강남대로 240 (도곡동) 지하1층 B111,
495,495,오가네밥상,서울특별시 강남구 광평로 280 지하2층 138호,
496,496,형제해장국,서울특별시 노원구 동일로 1106 1층 일부(공릉동),
497,497,연희동 할머니네,서울특별시 마포구 성미산로 100 (연남동),
498,498,행복한 잔치국수,서울특별시 강남구 광평로 196 2층 201호,
499,499,자매생고기,서울특별시 광진구 자양로15길 96 (자양동),
500,500,고기굽는마을,서울특별시 금천구 벚꽃로38길 32-29 (가산동),
501,501,소담,서울특별시 강남구 개포로 615 (개포동) 지하 115호,
502,502,짬뽕늬우스,서울특별시 노원구 노해로81길 6 (상계동),
503,503,풍천장어,서울특별시 금천구 시흥대로52길 70 (시흥동),
504,504,장수갈비,서울특별시 금천구 시흥대로56길 18 (시흥동),
505,505,이모네손칼국수,서울특별시 강남구 언주로69길 9 1층,
506,506,1번출구커피,서울특별시 서대문구 통일로 460 (홍제동),
507,507,누렁국수,서울특별시 강남구 개포로 652 빌딩스타3 지상1층 101호,
508,508,하하,서울특별시 강남구 논현로151길 24 (신사동),
509,509,산들바다 생고기,서울특별시 금천구 금하로 613 (시흥동),
510,510,행운식당,서울특별시 강남구 선릉로 328 1층 8호(대치동),
511,511,가산순대국,서울특별시 금천구 가산로 147-7 (가산동),
512,512,김밥여행,서울특별시 강남구 논현로4길 47 (개포동),
513,513,한벽루 전주콩나물국밥,서울특별시 강남구 개포로 648 1층(일원동),
514,514,월드맛집,서울특별시 강남구 논현로151길 26 (신사동),
515,515,웨스턴후라이드라이스,서울특별시 마포구 홍익로 6길 4,
516,516,홍두깨손칼국수,서울특별시 도봉구 도당로13가길 13 (방학동),
517,517,일일구(119),서울특별시 서울특별시 중구 다산로33길 79-4,
518,518,시골애 청국장,서울특별시 강남구 개포로 638 (일원동) 지상1층 102호,
519,519,만두랑,서울특별시 강남구 역삼로19길 29 (역삼동),
520,520,중화요리 명가,서울특별시 강서구 화곡로61길 100 (등촌동),
521,521,진미한분식,서울특별시 금천구 가산로3길 22 (독산동),
522,522,참치킹,서울특별시 금천구 벚꽃로 298 대륭포스트타워6차 (가산동),
523,523,만세한식부페본점,서울특별시 금천구 가산로3길 77 (독산동),
524,524,포천이동갈비촌,서울특별시 관악구 신원로 40-12 (신림동),
525,525,장수보리밥,서울특별시 중구 퇴계로85길 12-4 (황학동),
526,526,명동만두,서울특별시 강남구 역삼로 133 지상1층 1호,
527,527,유가,서울특별시 중구 퇴계로12길 68 (회현동1가),
528,528,와가마마,서울특별시 동작구 만양로14길 12 (노량진동),
529,529,서울밥집 봉천점,서울특별시 관악구 봉천동 927-18,
530,530,중화요리 신세계로반점,서울특별시 서대문구 증가로24바길 71 (북가좌동),
531,531,우정식당,서울특별시 동작구 노량진로8길 39 (노량진동),
532,532,북경,서울특별시 동작구 상도로37길 21 (상도1동),
533,533,옥천골,서울특별시 관악구 청룡7길 41 (봉천동),
534,534,코코스 중앙식당,서울특별시 동작구 흑석로 24 (상도동),
535,535,미소국수,서울특별시 마포구 동교로27길 62 (연남동),
536,536,세종원,서울특별시 광진구 광나루로 373 1층 (군자동),
537,537,빈대떡마을,서울특별시 마포구 망원로 97 (망원동),
538,538,망원동수창골,서울특별시 마포구 망원로11길 3 (망원동),
539,539,경성커피컴퍼니,서울특별시 마포구 삼개로 7-1 (도화동),
540,540,구대회커피,서울특별시 마포구 창전로2길 9 (신수동),
541,541,서울진우동덮밥,서울특별시 강동구 성내로 11107호,
542,542,북한강민물고기매운탕,서울특별시 서울 노원구 동일로192길 30 1층,
543,543,황태사랑,서울특별시 테헤란로 322 지하2층,
544,544,바른꽈배기,서울특별시 관악구 은천로 92 103호(봉천동),
545,545,엄마가,서울특별시 관악구 신림로 280 1층(신림동),
546,546,명물갈비,서울특별시 서대문구 명물길 43-3,
547,547,정가네촌 감자탕,서울특별시 서울시 금천구 독산로 46,
548,548,포스트푸드,서울특별시 금천구 디지털로 9길 68  B106~111호,
549,549,본솔커피,서울특별시 서대문구 증가로82,
550,550,밥 보다 국시,서울특별시 서대문구 세검정로3길 64,
551,551,돈장군,서울특별시 노원구 광운로 69 1층,
552,552,여자만아구찜,서울특별시 노원구 석계로18길 10-8,
553,553,뚱뚱이 밥상,서울특별시 노원구 동일로1548(상계동 지하 1층 ),
554,554,이가떡방,서울특별시 서울 동작구 국사봉1길 70,
555,555,동가보쌈,서울특별시 서울 동작구 성대로6길 10,
556,556,신대방대박찹쌀꽈배기,서울특별시 서울 동작구 신대방길 105,
557,557,남원추어탕,서울특별시 서울 동작구 여의대방로 250 지하1층 14호,
558,558,푸드플러스,서울특별시 서울시 금천구 가산디지털1로 119 B동 136호,
559,559,국수집,서울특별시 서울시 금천구 금하로25길 18 1층(시흥동),
560,560,미도한우마을,서울특별시 강남구 삼성로 38 개포빌딩 108호,
561,561,금옥이네,서울특별시 동작구 노량진로6길 18 (노량진동),
562,562,남원추어탕아구찜,서울특별시 서울 동작구 사당로29길 1,
563,563,선자네,서울특별시 서울 마포구 잔다리로 131 1층,
564,564,황제소고기국밥,서울특별시 서울 동작구 동작대로29길 11 1층,
565,565,정선메밀고을,서울특별시 동작구 양녕로26길 63 2층,
566,566,모꼬지,서울특별시 동작구 장승배기로 155,
567,567,달길포차,서울특별시 동작구 사당로30길 63 1층,
568,568,풍미원,서울특별시 동작구 사당로 253-4 (사당동),
569,569,고향갈비,서울특별시 동작구 노량진로18길 13,
570,570,마포곱창,서울특별시 동작구 사당로 185,
571,571,남매이야기,서울특별시 동작구 현충로 102 1층,
572,572,준호가만드는부대찌개,서울특별시 동작구 흑석로13마길 61 1층,
573,573,호순네집,서울특별시 동작구 등용로 107 1층,
574,574,실비촌,서울특별시 동작구 여의대방로 250 105호(대림쇼핑타운),
575,575,삼락,서울특별시 동작구 여의대방로36길 10-11,
576,576,황금오리,서울특별시 동작구 신대방길 112-2,
577,577,해피하우스소정,서울특별시 서울 마포구 성산로 128 지하1층,
578,578,카페매일이기념일,서울특별시 서울 도봉구 우이천로24길 69(쌍문동),
579,579,어느멋진날,서울특별시 관악구 신림로11길 67,
580,580,홍방원,서울특별시 서울 도봉구 도봉로169나길 47(도봉동),
581,581,착한부대찌개,서울특별시 서울 도봉구 도봉로109길 46 2층(쌍문동),
582,582,채움,서울특별시 서울 광진구 군자로 104-1,
583,583,옥돌바베큐,서울특별시 서울 광진구 군자로 138,
584,584,지니카페,서울특별시 서울 광진구 자양로37길 12,
585,585,세븐돈가스,서울특별시 중랑구 용마산로 557,
586,586,짱구네분식,서울특별시 도봉구 시루봉로 148(방학동),
587,587,호돈구이,서울특별시 도봉구 방학로2길 32 1층(방학동),
588,588,짜장마을,서울특별시 도봉구 마들로 657(방학동),
589,589,엄마랑꿀꽈배기,서울특별시 도봉구 해등로16길 26(창동),
590,590,멸치국수,서울특별시 도봉구 해등로16길 12(창동),
591,591,김가네국수집,서울특별시 도봉구 도봉로153길 51(방학동),
592,592,아!짜장,서울특별시 도봉구 도당로 76(방학동),
593,593,화원,서울특별시 서울 도봉구 덕릉로59길 93(창동),
594,594,홍두깨손칼국수,서울특별시 서울 도봉구 도봉산4가길 14(도봉동),
595,595,온누리식당,서울특별시 도봉구 도봉로159길 11-16(도봉동),
596,596,신토불이 정육식당,서울특별시 강남구 남부순환로 2629,
597,597,보배네능이백숙,서울특별시 도봉구 시루봉로 295-1(도봉동),
598,598,브레쉬에비뉴,서울특별시 도봉구 방학로 216(방학동),
599,599,세움카페,서울특별시 서울 도봉구 마들로 656(방학동),
600,600,박리김밥,서울특별시 도봉구 덕릉로 57길 22(창동),
601,601,카페커민,서울특별시 도봉구 방학로2길 53 1층(방학동),
602,602,우이목장,서울특별시 서울 도봉구 우이천로 298(쌍문동),
603,603,삼동숯불갈비,서울특별시 서울 구로구 디지털로27길 57,
604,604,우리집,서울특별시 서울 구로구 디지털로27길 67,
605,605,금호동바다장어초이408,서울특별시 독서당로 295-5(금호동3가),
606,606,고향냉면,서울특별시 서울 성동구 독서당로 301-93(금호동3가),
607,607,행복밥상,서울특별시 은평구 갈현로 302-7(갈현동),
608,608,팔팔한상,서울특별시 강남구 밤고개로1길 10 ,
609,609,전주식당,서울특별시 서울 성동구 무학봉15가길 1,
610,610,굿띵커피,서울특별시 관악구 조원로4길 37,
611,611,신온누리에돈까스,서울특별시 동작구 여의대방로24길 107 1층,
612,612,사루카메,서울특별시 서울 마포구 연남로 15 1층,
613,613,일공오삼겹살,서울특별시 서울 용산구 백범로87길 52,
614,614,상도칼국수,서울특별시 서울 동작구 성대로 40,
615,615,면마루,서울특별시 서울 용산구 신흥로 86 2층,
616,616,영광정육식당,서울특별시 서울 용산구 서빙고로91나길 104,
617,617,풍년집본가,서울특별시 서울 관악구 난곡로 232  1층,
618,618,네이밍카페커피GO!#1,서울특별시 관악구 난곡로 317,
619,619,추억의 통치킨,서울특별시 서울 관악구 난곡로26길 39 101호,
620,620,마니아우동,서울특별시 광진구 긴고랑로 25 (중곡동),
621,621,배꼽시계,서울특별시 동작구 동작대로7길 80 (사당동),
622,622,추억순대국전문점,서울특별시 관악구 신림로26길 11 (신림동),
623,623,서희네,서울특별시 강남구 개포로22길 41 1층 101호(개포동),
624,624,만족숯불갈비,서울특별시 종로구 종로53길 7-2 (창신동),
625,625,국수뜨락,서울특별시 서울 구로구 구로중앙로19가길 7 하나세인트빌 101호 ,
626,626,대영식당,서울특별시 강남구 강남대로62길 30  (역삼동),
627,627,이모네식당,서울특별시 관악구 봉천로 575-1 (봉천동),
628,628,통삼겹구이 5900,서울특별시 동작구 보라매로 93 (신대방동),
629,629,전라도 시래기국밥,서울특별시 동작구 여의대방로24길 97 (대방동),
630,630,무릉도원,서울특별시 구로구 구로동로28길 64-12 (구로동 남촌홈타운),
631,631,서평기사식당,서울특별시 강남구 개포로 646 지상1층 2호,
632,632,삼호정,서울특별시 동작구 여의대방로24길 50 (신대방동),
633,633,제일정육식당,서울특별시 동대문구 장한로10길 45 (장안동) 지하1층,
634,634,속초집,서울특별시 중구 퇴계로6길 3-6 (회현동1가),
635,635,대청마루,서울특별시 중구 퇴계로44길 16 (필동2가),
636,636,사랑의 도시락,서울특별시 강남구 강남대로94길 55 2층,
637,637,화순식당,서울특별시 서대문구 증가로24마길 47 (북가좌동 에코더블레스),
638,638,청와면옥함흥냉면,서울특별시 서대문구 응암로 94 (북가좌동),
639,639,오군 수제 고로케,서울특별시 마포구 동교로27길 62 (연남동),
640,640,양평해장국,서울특별시 강남구 논현로12길 19-7 1층(개포동),
641,641,망원시장홍두깨손칼국수,서울특별시 마포구 망원로8길 29 (망원동),
642,642,나주식당,서울특별시 연세로 10-1,
643,643,흑돈연가,서울특별시 중구 퇴계로90길 26 (신당동),
644,644,낙원식당,서울특별시 서대문구 응암로 141 (북가좌동),
645,645,축산정육식당,서울특별시 통일로 479,
646,646,박리분식,서울특별시 금천구 가산로 126 (가산동),
647,647,다래성,서울특별시 금천구 시흥대로 471-1 (독산동),
648,648,조여사네집,서울특별시 금천구 벚꽃로 130 (독산동),
649,649,그냥밥집,서울특별시 서울특별시 중구 퇴계로12길 53,
650,650,정원설렁탕(민속의집),서울특별시 서울특별시 중구 중림로 11,
651,651,남도한식-정든님고운님,서울특별시 서울특별시 중구 세종대로14길 22-5,
652,652,풍경한식,서울특별시 강남구 광평로47길 17 (수서동 신동아아파트) ,
653,653,홍두깨손칼국수,서울특별시 금천구 독산로39길 11 (시흥동),
654,654,장충동한방왕족발,서울특별시 중구 퇴계로85길 6-2 (황학동),
655,655,만아정육점식당,서울특별시 강남구 광평로56길 11 수서아파트상가 103호 (수서동),
656,656,소돈,서울특별시 서대문구 응암로 69 (북가좌동),
657,657,고기마을,서울특별시 강남구 남부순환로 2917 청실상가 105,
658,658,맛순이순대국감자탕,서울특별시 금천구 가산로5길 72 1층 103호 (가산동),
659,659,수유시골집,서울특별시 강북구 도봉로 328 (번동) 가든타워 지하 31호,
660,660,영동우동,서울특별시 강남구 도곡로7길 28 (역삼동),
661,661,다인,서울특별시 강동구 양재대로147길 7 (명일동),
662,662,송하정,서울특별시 무학봉길 77 (하왕십리동),
663,663,진달래 시래기,서울특별시 중구 퇴계로12길 60 (회현동1가),
664,664,강남본돼지갈비,서울특별시 강남구 개포로22길 27 (개포동),
665,665,중국관,서울특별시 광진구 긴고랑로 39 (중곡동),
666,666,송림기사식당,서울특별시 서대문구 모래내로 209 (남가좌동),
667,667,신림국수,서울특별시 관악구 신림동7길 51 (신림동),
668,668,돼지물고기,서울특별시 도봉구 해등로16길 1(창동),
669,669,대풍참숯갈비,서울특별시 서울 강남구 논현로76길 8,
670,670,먹깨비 김밥,서울특별시 서울 강서구 강서로 39,
671,671,커피홀릭,서울특별시 은평구 응암로 250-1 (응암동),
672,672,냠냠분식,서울특별시 마포구 모래내로7길 89 1층 2호(성산동),
673,673,고시칼국수,서울특별시 서울 관악구 신림로18가길 42,
674,674,행촌,서울특별시 서울 도봉구 우이천로34길 10(쌍문동),
675,675,카페해밀,서울특별시 관악구 법원단지길 42,
676,676,양구손두부,서울특별시 은평구 통일로83길 5-21(갈현동),
677,677,은평닭곰탕,서울특별시 은평구 연서로3길 5(역촌동),
678,678,알리파스타,서울특별시 논현로 151길 29 1층,
679,679,엄마손집밥,서울특별시 광진구 자양번영로 13,
680,680,다담2900,서울특별시 망우로66길 75 1층,
681,681,수자타착한식당,서울특별시 관악구 남부순환로143나길 6,
682,682,동해루,서울특별시 중랑구 면목천로23길 44,
683,683,짜장나루,서울특별시 중랑구 겸재로 161,
684,684,커피앤바복길이,서울특별시 중랑구 봉화산로4길 62,
685,685,명가 홍삼을담다,서울특별시 서울 양천구 남부순환로69길 13,
686,686,포에리얼 떡볶이,서울특별시 서울 구로구 경인로 403 A동 105호 ,
687,687,고창국수,서울특별시 서울 구로구 디지털로33길 48 대륭포스트타워7차 B108호 ,
688,688,자양다방,서울특별시 서울 광진구 자양로15길 100,
689,689,머리못하는 집,서울특별시 서울 강서구 마곡서1로 115-1,
690,690,옛날칼국수,서울특별시 서울 동작구 상도로 296-2,
691,691,준호네 돈가스,서울특별시 서울 동작구 흑석로 85-7 1층,
692,692,제주왕뚜껑생고기,서울특별시 서울 동작구 등용로 110,
693,693,시골밥상,서울특별시 서울 강남구 역삼동 702-13 지하1층 3호,
694,694,동해해물탕,서울특별시 동작구 양녕로22가길 67,
695,695,준우식당,서울특별시 동작구 등용로 93 1층,
696,696,풀향기칼국수,서울특별시 동작구 보라매로 73,
697,697,계단집,서울특별시 동작구 현충로 94 2층,
698,698,산천칡냉면,서울특별시 동작구 사당로12길 2 2층,
699,699,황토정,서울특별시 동작구 서달로13길 5-23,
700,700,정가네밥상,서울특별시 동작구 노량진로10길 28 1층,
701,701,꿀꿀이생고기맛집,서울특별시 서울 구로구 중앙로 32,
702,702,윤경이네,서울특별시 서울 구로구 도림로 36 지층 ,
703,703,명태본가,서울특별시 서울 구로구 구로중앙로19길 20,
704,704,전주집,서울특별시 서울 마포구 큰우물로 75 지하1층,
705,705,마마떼,서울특별시 서울 관악구 대학6길 36 1층,
706,706,용산풍천숯불민물장어,서울특별시 서울 용산구 한강대로39길 10,
707,707,원돈까스우동,서울특별시 서울 용산구 서빙고로65길 10,
708,708,원조칼국수,서울특별시 서울 성동구 금호산2길 20-1(금호동3가),
709,709,큰손갈비,서울특별시 서울 동작구 장승배기로27길 7,
710,710,명동국수,서울특별시 서울 동작구 상도로41길 12,
711,711,섬마을일식,서울특별시 서울 동작구 여의대방로 22 지하1층 14호,
712,712,미소분식,서울특별시 강동구 성내로3가길 7 1층(성내동),
713,713,오늘우리집비어,서울특별시 서울 중랑구 용마산로115길 109 지1층,
714,714,가름커피,서울특별시 관악구 신림로23길 16,
715,715,삼탱이시래기밥,서울특별시 테헤란로 322 지하2층,
716,716,용산장어마을,서울특별시 서울 용산구 백범로 318,
717,717,맛조탕,서울특별시 관악구 은천로 119,
718,718,시장냉면,서울특별시 은평구 응암로22길 5-17(응암동),
719,719,OK스시,서울특별시 은평구 응암로4길 22 102호(응암동),
720,720,멸치국수,서울특별시 은평구 은평로 119 2층(응암동),
721,721,우경촌,서울특별시 은평구 통일로78길 4-4(불광동),
722,722,솥뚜껑,서울특별시 은평구 연서로29길 11(갈현동),
723,723,역촌동 멸치국수,서울특별시 은평구 역말로 24(역촌동),
724,724,태원,서울특별시 동작구 등용로 81 1층,
725,725,엉터리돼지갈비,서울특별시 서대문구 포방터길 71 (홍은동),
726,726,일이삼식당,서울특별시 동작구 흑석로13마길 65-3 1층,
727,727,만두의정석,서울특별시 동작구 국사봉1길 45 103호,
728,728,옛날무쇠가마솥,서울특별시 서울 마포구 서강로1길 12-5 1층,
729,729,삼겹살데이,서울특별시 서대문구 가좌로 29 (연희동),
730,730,홍능갈비,서울특별시 금천구 범안로21길 6 (독산동),
731,731,보물쌈,서울특별시 동작구 상도로 296-2 (상도1동),
732,732,가정식당,서울특별시 강남구 학동로77길 20 (청담동),
733,733,두부마을,서울특별시 강북구 오현로31길 109 (번동),
